kategoria,kategoria_kod,rodzaj,rodzaj_kod,marka,marka_kod
Foto i kamery,FOTOI,Kamera monitoringu,KAMER,Sony,SONYX
Komputery,KOMPU,Konsola do gier,KONSO,Sony,SONYX
AGD,AGDXX,Odkurzacz,ODKUR,Sony,SONYX
Komputery,KOMPU,Router Wi-Fi,ROUTE,Sony,SONYX
RTV,RTVXX,Telewizor,TELEW,Sony,SONYX
Urządzenia mobilne,URZAD,Smartwatch,SMAR2,Sony,SONYX
Automatyka bram,AUTOM,Bramy,BRAMY,WIŚNIOWSKI,WISNI
Automatyka bram,AUTOM,Bramy,BRAMY,DAKO,DAKOX
Automatyka bram,AUTOM,Bramy,BRAMY,PASEDO,PASED
Automatyka bram,AUTOM,Bramy,BRAMY,Peiter Automatic,PEITE
Automatyka bram,AUTOM,Bramy,BRAMY,Nice,NICEX
Automatyka bram,AUTOM,Bramy,BRAMY,Somfy,SOMFY
Automatyka bram,AUTOM,Bramy,BRAMY,CAME,CAMEX
Automatyka bram,AUTOM,Bramy,BRAMY,FAAC,FAACX
Automatyka bram,AUTOM,Bramy,BRAMY,Beninca,BENIN
Automatyka bram,AUTOM,Bramy,BRAMY,BFT,BFTXX
Automatyka bram,AUTOM,Bramy,BRAMY,Hörmann,HRMAN
Automatyka bram,AUTOM,Bramy,BRAMY,LiftMaster,LIFTM
Ogrzewanie,OGRZE,Kotły i piece,KOTLY,Buderus,BUDER
Ogrzewanie,OGRZE,Pompa ciepła,POMPA,Buderus,BUDER
Ogrzewanie,OGRZE,Bojler na wodę,BOJLE,Buderus,BUDER
Ogrzewanie,OGRZE,Klimatyzacja,KLIMA,Buderus,BUDER
Ogrzewanie,OGRZE,Nagrzewnice,NAGRZ,Buderus,BUDER
Komputery,KOMPU,Domofon,DOMOF,Laskomex,LASKO
Komputery,KOMPU,Domofon,DOMOF,Eura,EURAX
Komputery,KOMPU,Domofon,DOMOF,Cyfral,CYFRA
Komputery,KOMPU,Domofon,DOMOF,Orno,ORNOX
Komputery,KOMPU,Domofon,DOMOF,ACO,ACOXX
Komputery,KOMPU,Domofon,DOMOF,Eltcrac,ELTCR
